institute_code,institute_name,address,mobile_no,ein,email,division
50036,Sheikh Fazilatunecha Mujib Mohila Technical Training Center,"Mirpur Road, Darussalam, Dhaka-1216",,,fazilatunecha@gmail.com,DHAKA
59162,Kishoregonj Technical Training Center,"Katabaria, Kishoregonj",1818959342,,ttc.kishor2016@gmail.com,DHAKA
70082,"A K Khan UCEP Kalurghat Technical School,Chattagram","Moulavi Bazar, Wasa Road, Mohora Kalurghat, Chittagong",,,,CHITTAGONG
39062,"A. M. Technical Training Academy (AMTTA), Bauphal, Patuakhali","Bauphal, Patuakhali",1715847801,,amtta99@gmail.com,BARISAL
17181,"A. R. & SONS TRAINING CENTER, Ullipur,Kurigram","Station Road, Munsi Para. Ulipur, Kurigram",,,badolconzumer@gmail.com,RANGPUR
50986,"ABCL IT AND TRAINING INSTITUTE (ABCL), DHAKA","L R Bhaban (4th Floor), 1/2 Outer Circular Road, Malibagh Chowrasta, Dhaka -1217,",1701488322,,,DHAKA
50755,"Academy of Ellen, Badda, Dhaka","House No 7,Road 16,DITProject, Merul Badda,Dhaka",,,mail@ellenbd.com,DHAKA
50939,"Academy of Ellen (AOE), Zigatola, Dhaka","67/2, Zigatola, Dhaka-1209",1838123466,,dreamtouch@hotmail.com,DHAKA
50819,"ADN Institute of Technology and Skill Development (AITSD), Dhanmondi, Dhaka","Malancha Green Road, House #58, Road 3/A, Dhanmondi, Dhaka",,,md@adnedu.com,DHAKA
50888,"Ahasani Mission Vocationational Training Institute, Mirpur","Plot No. M-1/C, Mirpur-14, Dhaka-1206",,,damvti Mirupur@ gmail.com,DHAKA
33193,"Ahsania Mission Vocational Training Institute, Jessore","Vakutia, Jessore",,,dambdg@gmail.com,KHULNA
50281,"Ahsania Mission Syed Sadat Ali Memorial Education & Vocational Training Centre, Mohammadpur, Dhaka","PC Culture Housing Society, Shyamoli, Mohammadpur, Dhaka",,,masud_hossain74@yahoo.com,DHAKA
50883,"Ahsania Mission VTI for WC, Pallabi, Dhaka","H # b-91, R # 02, Eastern Housing, Pallabi",1738106564,,damvtipallabidhaka@gmail.com,DHAKA
54298,"AJIYER Tourism and Hospitality Training Institute, Delduar, Tangail","Vill. Bishapur, P.O Patharail, P.S Delduar, Tangail",,,shamim@ajiyer.com,DHAKA
47072,"Akhtar Technical Institute (ATI), Rajbari","Kalukhali, Rajbari",1844079005,,akhtar.technical.institute@gmail.com,DHAKA
50011,"Akhter Furniture Academy, Baridhara, Dhaka",4609 Solemain,,,akther.furniture.academi@gmail.com,DHAKA
50734,"AKS Khan Center for Excellence (ACE), Dhka Rupayan Prime(6th Floor), Dhanmondi, Dhaka","Ground Floor, House No-2, Road 07, Dhanmondi, R/A, Dhaka",,,zahangir.alam.edu.bd,DHAKA
50734,"AKS Khan Centre for Excellence (ACE),Dhaka- 1205","House-02,Road-07, RUPAYUN PRIME (6TH FLOOR) ,Dhanmondi R/A,Dhaka- 1205,",1712290292,,nazrulislam@ace.edu.bd,DHAKA
48089,"Akther Furniture Academy, Singair, Manikganj","Singair, Manikganj",1711401895,,akhter.furniture.academi@gmail.com,DHAKA
50582,"Al Islam Technical and Educational Institute, Aushila, Savar, Dhaka","Aushilia, Savar",1985903055,,alislam.institute@gmail.com,DHAKA
13190,"Anowara Vocational Training Institute, Dinajpur",Dinajpur,,,marfatnew@gmail.com,RANGPUR
16221,"Aroni Eco Center for Skill Development (AECSD), Rangpur","Kellabanda, CO Bazar, Rangpur Sadar, Rangpur",1713766360,,aecsd.rangpur@gmail.com,RANGPUR
50821,"Asia Technical Training Center, Mirpur-1, Dhaka","149/9/C, Shahali Bag, Mirpur-1, Dhaka-1216",1711528934,,asiatechnical@yahoo.com,DHAKA
50735,"ATAB Tourism Training Institute (ATTI), Dhaka","Sattara Center (15th Floor), 30/A, Naya Paltan VIP Road, Dhaka-1000.",,,atab@citch.net atti.atab@gmail.com,DHAKA
50926,"AYAT Care Training Institute (ACTI), Dhaka","89/12, R K Mission Road, Manik Nagar Biswa Road, Dhaka",1713036999,,rabeya.k@ayatskills.com,DHAKA
50563,"AYAT Skill Development Center(ASDC),Savar, Dhaka","Ashulia, Savar, Dhaka",1713036999,,nusratferozaman@gmail.com,DHAKA
73002,Bandarban Technical School and College,Bandarban,,,,CHITTAGONG
73004,"Bandarban Technical Training Center (TTC), Bandarban","Meghla, Bandarban",1814102512,,bandarbanttc@yahoo.com,CHITTAGONG
23147,"Bandhu Computer Training Center, Rajshahi","UP Road, Puthia,, Rajshahi",1716123696,,bccazad@gmail.com,RAJSHAHI
50466,"Bangladesh Association for the Aged and Institute of Geriatric Medicine (BAAIGM), Dhaka,","E-10, Probin Bhaban, Agargaon, Sherebangla Nagar, Dhaka-1207",1619116263,,mohsinkabir13@gmail.com,DHAKA
50037,"Bangladesh German Technical Training Centre, Mirpur, Dhaka","Mirpur-2, Dhaka",1715158153,,,DHAKA
50890,"Bangladesh Industrial and Technical Assistance Center (BITAC), Dhaka","Teajgaon, Dhaka",1711443290,,marfatnew@gmail.com,DHAKA
50003,"Bangladesh Institute of Glass and Ceramic, Dhaka","Tejgaon, Dhaka",,,principal_bigc@yahoo.com,DHAKA
20100,"Bangladesh Institute of Information Technology, Bogura",Bogra,,,marfatnew@gmail.com,RAJSHAHI
51333,"Bangladesh Institute of Marine Technology (BIMT), Narayanganj","Sonakhanda, Bandar, Narayanganj",1556305835,,bimt.principal@gmail.com,DHAKA
70021,"Bangladesh Korea Technical Training Center, Chittagong",CHITTAGONG,,,,CHITTAGONG
50403,"Bangladesh Korea Technical Training Centre, Dhaka",Mirpur,,,marfatnew@gmail.com,DHAKA
50823,"Bangladesh Skill Development Institute (BSDI), Dhaka","House 2B, Road-12, Mirpur Road, Dhanmondi, Dhaka-1209",1713493248,,ansarul@bsdi-bd.org,DHAKA
50100,"Bangladesh Technical Education Board, Dhaka","Agargaon, Sher-E-Bangla Nagar, Dhaka-1207",1715915472,,cbtbteb@gmail.com,DHAKA
61112,"Bangladesh Technical Training and Development Centre (BTTDC), Sylhet","Niloy-3, Chowha",1711342594,,nazrul.canfly@yahoo.com,SYLHET
38093,"Barguna Technical Training Center (TTC), Barguna","Police Line Road, Barguna",1741247773,,borgunattc@yahoo.com,BARISAL
42045,Barisal Polytechnic Institute,"Sadar, Barisal",,,barisal.poly@gmail.com,BARISAL
42029,Barisal Technical School & college,Barisal,,,marfat1@yahoo.com,BARISAL
42028,"Barisal, Technical Training Center, Barisal",Barisal,,,marfatnew@gmail.com,BARISAL
42070,Barishal Mohila Technical Training Centre,"C&B Road, Barishal",1819911361,,mttcbarisal@gmail.com,BARISAL
50413,"Barnamala Computer Training Center, Dhaka","Sa-66/3, Shadinota Sarani, Badda, Gulshan-1, Dhaka",1911470401,,barnamalacomputer@yahoo.com,DHAKA
54321,"Basa Technical Training Institute (BTTI), Tangail","Pekua, Tangail",1718370251,,1718370251,DHAKA
50671,"Bashundhara Training and Testing Center, Dhaka","Sheikh-er Jaiga, Khilgaon, Dhaka-1219",,,info@bashundhara-ttc.com,DHAKA
53187,"Beacon Knitwear Ltd, Salna, Gazipur","South Salna, Salna Bazar, Gazipur",1730007567,,beacon2 sanjoy@metrokd.com,DHAKA
50888,"Benee,s Academy Of Baking Science and Pastry Arts","118, Bashiruddin Road, Kalabagan Dhaka-1205",1911667544,,Nippon.na@gmail.com,DHAKA
53098,"BGIFT Institute of Science and Technology (BIST), Gazipur","Chandana, Chowrasta, Gazipur City Corporation, Gazipur",,,aziz.niet@gmail.com,DHAKA
50990,"Bharasha Institute of Social Development and Human Advancement (BISDHA), Dhaka","WASI Tower (11th Floor), House# 572/K, Matikata, ECB Chattar, Mirpur DOHS Road, Dhaka Cantonment, Dhaka-1206",1713263929,,bharasa.ins@gmail.com,DHAKA
40068,"Bhola Technical Training Centre (TTC), Bhola","Banglabazar, Bhola",1712313424,,ttcbhola@gmail.com,BARISAL
50358,"Bismillah Technical Training & Testing Institute,Turag, , Dhaka","House#53, Block-D, Road#7, Vathulia,Kamarpara, Turag, , Dhaka. Mob- 01713-020635, e-mail: bismillah2000@gmail.com",1713020635,,bismillah2000@gmail.com,DHAKA
20222,Bogra Institute of Technology (BIT),"Chackfarid, Callony, Bogra",,,bit bogra@gmail.com,RAJSHAHI
20099,Bogura Polytechnic Institute,Bogra,,,marfatnew@gmail.com,RAJSHAHI
20045,"Bogura Technical Training Center, Bogura","Nishindara, Bogra",,,,RAJSHAHI
50650,"Borak Polytechnic Institute, Dhaka","Holding no. 07/1296/1, Road - 08, Ward-07, Goshbag, Ashulia, Dhaka",1708800809,,vp@borakpolytechnic.edu.bd,DHAKA
31080,"BRAC Dakkhota Unnoyon Proshikkon Kendra, Magura","Mirpara, Magura",1730374439,,zrsiddike@gmail.com,KHULNA
14140,"BRAC Dakkhota Unnoyon Proshikkon Kendra, Nilphamari","BRAC Feed mill, Fultala Sutipara, Nilphamari Sadar",1730374439,,zrsiddike@gmail.com,RANGPUR
74063,"BRAC Dokkhota Unnoyon Proshikkhon Kendro, Cox's Bazar","Salam Mension, in front of Modern Hachari,South Kolatoli Road, Cox’s Bazar",1730374439,,zillur.s@brac.net,CHITTAGONG
53152,"BRAC Dokkhota Unnoyon Proshikkhon Kendro, Gazipur","House- 14, Ward- 13, Block- E, Nawjore, Dhaka- Tangail Highway,, Gazipur.",1730374439,,zillur.s@brac.net,DHAKA
50822,"BRAC Dokkhota Unnoyon Proshikkhon Kendro, Savar","East Katlapur, Ward# 06 (Near ISKCON Mandir), Savar, Dhaka",1730374439,,zillur.s@brac.net,DHAKA
53153,"BRAC Dokkhota Unnoyon Proshikkhon Kendro, Tongi, Dhaka","Holding No- 93, Khartali Bazar, Sataish Road, Tongi,",1730374439,,"zillur.s@brac,net",DHAKA
50887,"BRAC-Institute of Skills Development (BRAC-ISD), Dhaka","Ashkona, Uttara, Dhaka",,,manzurul.a@brac.net,DHAKA
64056,Brahmanbaria Technical Training Center,"Bhatshala ,Brahmanbaria",1775948662,,bbariattc@gmail.com,CHITTAGONG
61131,"Brigadiar Majumder Bidyaniketen High School, Sylhet","Jaintapur, Sylhet",,,bmbschool2000@gmail.com,SYLHET
50987,"Bright Care Training Institute (BCTI), Badda, Dhaka-1212","Bright Care Training Institute (BCTI), Dhaka, House# 21/A, Road-2, Block-A, 5th & 6th Floor, Johurul Islam City, Aftabnagar, Badda, Dhaka-1212,",1612090950,,brightcaregivers21@gmail.com,DHAKA
72007,"BS POLYTECHNIC INSTITUTE, KAPTAI","Kaptai, RAngamati",,,,CHITTAGONG
50559,B_desh Korea Inst. of Info. & Communication Technology,"Bangladesh Computer Council, BCC Bhaban, Agargaon, Shere Bangla Nagar, Dhaka-1207",,,marfatnew@gmail.com,DHAKA
50892,"CADD CORE Training & IT Services, Phanthopath, Dhaka","69/G, (3rd Floor), Phanthopath, Dhaka-1215",1711486779,,,DHAKA
50893,"Care Training Institute of Sir William Beveridge Foundation, Dhaka","52/1 New Eskaton Road, Hasan Holdings (6th floor), Dhaka-1000",1730057400,,hob@beveridgefoundation.org,DHAKA
50836,"Caregiver Institute of Bangladesh (CIB), Dhaka","House No-53, Road No-08, Nabinagar Housing, Mohammadi Housing Ltd, Mohammadpur, Dhaka-1207",1711130914,,cibmohammadpur@gmail.com,DHAKA
42180,Caregivers Institute of Barishal(CIB) Barishal,"House-1136, Sharif Mansion (3rd Floor), (Near Khashipur Surovi Pump), Nothullabad, Barishal",1769766666,,cibbarishalsadar@gmail.com,BARISAL
53148,"Center For Mass Education in Science(CEMES), Sreepur, Gazipur","Kayetpara, sreepur-1703",,,cmesbd@yahoo.com,DHAKA
53089,Center of Excellence for Leather Skill Bangladesh Ltd,"Kaliakair, Gazipur",,,,DHAKA
5011023,Centre For Skill Development,"19/1 Umees Datta Road, Bakshi Bazar, Dhaka-1211",,,write.csd@gmail.com,DHAKA
50555,Centre of Excellence Agro Food Skills Foundation,"8th Floor, 19/2, West Panthapath, Dhaka",,,ceafs@gmail.com,DHAKA
57345,Centre of Excellence Agro Food Skills Foundation,"Sadar, Mymensingh",,,ceafs@gmail.com,DHAKA
42161,"Centre of Excellence Agro Food Skills Foundation, Barisal","Sadar, Barisal",,,chairman.ceaf@gmail.com,BARISAL
509999,"Centre of Excellence Agro Food Skills Foundation, Dhaka","8th Floor, 19/2, West Panthapath, Dhaka",,,ceafs@gmail.com,DHAKA
18191,"Centre of Excellence Agro Food Skills Foundation, Gaibandha","Sadar, Gaibandha",,,marfatnew@gmail.com,RANGPUR
57345,"Centre of Excellence Agro Food Skills Foundation, Mymensingh","Middle Barera, Mymensingh",,,ceafs@gmail.com,DHAKA
50942,"Centre of Excellence Agro Food Skills Foundation, Salim Centre, Panthapath, Dhaka","8th Floor, 19/2, West Panthapath, Dhaka",,,ceafs@gmail.com,DHAKA
50627,"Centre of Excellence Bangladesh Apparel Industry (CEBAI), SAVAR","Ashulia, Savar, Dhaka",,,,DHAKA
50837,"Centre of Excellence for Pharmaceutical Sector (CEPS)-Bangladesh, Khagan, Savar, Dhaka","Khagan, Savar, Dhaka",1861917591,,asaeedbd62@gmail.com,DHAKA
66077,Chandpur Institute of Marine Technology (IMT),"Islampur, Gashtola, Chandpur",1711976709,,imtcha5@gmail.com,CHITTAGONG
22051,Chapai Nawabganj Technical Training Center,"Baragahria Bazar, Chapainawabganj",1716932020,,ttcchapainawabganj@gmail.com,RAJSHAHI
70999,Chittagong Mohila Technical Training Centre,Chittagong,1990198268,,cmttc2006@gmail.com,CHITTAGONG
70048,Chittagong Polytechnic Institute,"Nasirabad, Chittagong",,,marfatnew@gmail.com,CHITTAGONG
50101011,Choukos,"H #18, R-02, Mohammodia Housing Socity, Mohammadpur, Dhaka",,,md.mustafiz@gmail.com,DHAKA
29056,Chuadanga Technical Training Center,"Vimrulla, Chuadanga",1720586572,,ttcchuadanga@gmail.com,KHULNA
54276,"Comfit Compozit Knit Ltd, Mirzapur","Gorai, Mirzapur, Tangail",,,jahangirranj.alam@yahoo.com,DHAKA
48042,Confidenc Polytechnic Institute,"73 joyra College Road, Manikganj Bustand, Manikganj",,,marfatnew@gmail.com,DHAKA
50896,"Confidence Training Institute, Uttarkhan Mazar, Dhaka","208/B Kuripara, Uttarkhan Mazar, Uttar Khan, Dhaka-1230",1716986585,,ikarimptc@gmail.com,DHAKA
53202,"Construction Skill Training Centre (CSTC), Gazipur","Ward no-22, Gajari Para, Vhawal, Joydebpur, Gazipur",1703827890,,luthfur1963@yahoo.co.uk,DHAKA
74009,Cox's Bazar Polytechnic Institute,"Cox,s Bazar",,,"Cox,s Bazar@gmail.com",CHITTAGONG
50826,"Creative IT Institute, Dhaka","Rd # 4, Dhakanmondi, Dhaka",,,info@creativeit-inst.com.bd,DHAKA
50930,"CRP Madhab Memorial Vocational Training Institute, Savar","CRP Ganakbari, Shreepur, Asulia, Savar, Dhaka",,,,DHAKA
35203,"CSS Hope Technical Institute (CSSHTI), Khulna","87, MA Bari Road, Gollamari, Khulna",1760088156,,hti@cssbd.org,KHULNA
65034,CUMILLA Technical Training Centre,"Coatbari, Cumilla",1711585835,,principalcomillattc@gmail.com,CHITTAGONG
17182,"DECENT Job & Training Institute ( DJTI ) , Kurigram","Fish Farm, KC Road, Sadar, Kurigram",,,,RANGPUR
50159,Desh Polytechnic College,"Mirpur-11, Busstand",,,dpcmas@gmail.com,DHAKA
50605,"Dhaka Ahasania Mission (DAM) VTI, Mirpur","Plot -B-91, Road # E, Eastern Housing, Pallabi, Dhaka",1736323313,,marfatnew@gmail.com,DHAKA
50088,Dhaka Mohila Polytechnic Institute,"Agargaon, Sher-E-Bangla Nagar",,,dhakampi@gmail.com,DHAKA
50117,Dhaka Polytechnic Institute,Bashaboo,,2011,dhakapolitechnic@yahoo.com,DHAKA
123333,"Dinajpur Institute of Science and Technology(DIST), Dinajpur","Paharpur, Sadar, Dinajpur",,,distbd@gmail.com,RANGPUR
13112,"Dinajpur Technical Training Centre (TTC), Dinajpur","Mathasagor, Sheikhpura, Dinajpur",1750746706,,dinajpurttc@gmail.com,RANGPUR
50827,"DISA Institute of Science and Technology (DIST), Mirpur-12","Sofura Tower, Plot#45, Road#07,Block#A, Pallabi, Mirpur-12 , Dhaka.",1708449950,,dist@disabd.org,DHAKA
50838,"Dolphin Training Centre, Ashulia, Savar, Dhaka","Banglabazar, Norshingpur, Ashulia, Savar, Dhaka",1713063877,,dolphincenter01@gmail.com,DHAKA
55240,"Eco Center for Skills Development (ECSD), Jamalpur","Narayanpur, Titpolla, Jamalpur.",1712-366204,,ecsd.jamalpur@gmail.com,DHAKA
12221,"Eco Institute of Technology (EIT), Thakurgaon","Collegepara, Thakurgaon",1912307022,,eit.thakurgaon@gmail.com,RANGPUR
16216,"Engineering Institute of Technology (EIT), Rangpur","House -30, Road-01, Ward-26, Alam Nagar, Robartsongonj, Rangpur",1743007698,,eitrangpur@gmail.com,RANGPUR
53113,Fahim Computer and Training Academy,"Jaina Bazar, Sreepur, Gazipur Mob: 01914575120",,,fahim.computer11@gmail.com,DHAKA
51079,Fakir Apparals Limited,"A-127-131, BSCIC I/A, Anayetnagar, Shasongaon, Fatullah Narayanganj",,,info@fakirapparls.com,DHAKA
34009,Faridpur Institute of Marine Technology,"Adampur, Faridpur",1795136363,,imt.faridpur.gov@gmail.com,DHAKA
46026,Faridpur Polytechnic Institute,"Baitul Aman, Faridpur",,,principal.fpi@gmail.com,DHAKA
46013,Faridpur Technical Training Centre,Faridpur,1715107077,,faridpurttc@gmail.com,DHAKA
69019,Feni Computer Institute,Feni,,,,CHITTAGONG
69015,"Feni Polytechnic Institute, Feni",feni,1710717085,,fenipoly69015@gmail.com,CHITTAGONG
69014,Feni Technical School and College,feni,,,feni.tsc@gmail.com,CHITTAGONG
50677,"Food Cadet Lipie's Uphoaria Institute of Kulinary Arts, Dhaka","3/2, Block-d, Lalmatia, Dhaka",,,lipieuphoria@gmail.com,DHAKA
57346,"Fulpur Agro Industris Limited, Mymensingh","Mymensingh Road, Karaha, Fulpur, Mymensingh",1713433394,,fufpuragro@gmail.com,DHAKA
18203,Gaibandha Technical Training Centre (TTC) Gaibandha,"Kholahati, Gaibandha Sadar, Gaibandha",1718617847,,ttcgaibandha@gmail.com,RANGPUR
18192,"Gana Unnayan Kendra. (GUK), Gaibandha","Post box 14, Gaibandha-5700,",,,info@gukbd.net,RANGPUR
53018,Gazipur Technical School and College,Gazipur,,,,DHAKA
53128,"Genisis Fashions Ltd, Gazipur",Gazipur,1709677477,,jahangirranj.alam@yahoo.com,DHAKA
99999,"Glorious Skin Care & Training Institute, Khulna","49 Cementry Road, Fulmarket, Khulna",1734086837,,glorious.institute01@gmail.com,KHULNA
45056,"Gopalgonj Technical Training Center (TTC), Gopalgonj","Gobra, Gopalganj",1865054284,,ttcgopalganj@gmail.com,DHAKA
50087,Graphic Arts Institute,Satmajid Road,,,marfatnew@gmail.com,DHAKA
50796,"Greenland Training Centre Ltd, Demra,Dhaka","Demra, Dhaka",1709990712,,it_gac@glandgroup.com,DHAKA
63005,Habiganj Technical School and College,"2 no Pool, Poddarbari Road Habiganj",,,htsch73@gmail.com,SYLHET
50960,"HB Aviation Training Center (HBATC), Dhaka","Plot-9, Section-7, Road-4, Mirpur, Dhaka-1216",1674879209,,hbaviationbd@gmail.com,DHAKA
74086,"Hotel Beach Way Training Instotute, Cox's Bazar","House # 21, Block # C, Kolatoli Road, Cox's Bazar",1814936680,,mizan.om@hotelbeachway.com,CHITTAGONG
50495,"Hotel Management & Toursim Training Institute(HMTTI), Green Road, Dhaka","Dhanmondi, Dhaka",1717002316,,bhmtti@gmail.com,DHAKA
33217,"HTN Institute of Science of Technology (HIST), Jessor","Village. Bahadurpur, Upazila , Kowatali, Jessore",,,suzan@htnbd.org,KHULNA
70311,"ICI- International Culinary Institute, Chattogram","#6A, Luxury Heights, 2092 Zakir Hossain Road, Chattogram",1974499946,,zahangir@ici.edu.bd,CHITTAGONG
19043,"IDA Computer Training Center (IDA-CTC), Panchbibi",,1716278193,,jewel_com77@yahoo.com,RAJSHAHI
50077,Ideal Institute of Science & Technology(IIST ),"105, Senpara Parbata, Mirpur-10, Dhaka",1819220091,,iist.ecc@gmail.com,DHAKA
50900,"IDEB Education and Training Institute(IETI), Dhaka","IDEB Bhaban, 160/A, Kakrail, Dhaka-1000",1626373519,,arafalabdullah3800@gmail.com,DHAKA
50949,"Imperial Hotel Management Training Institute (IHMTI), Dhaka","34, Bangabandhu, Avenue, Dhaka-1000",1915805056,,ihmtibd@gmail.com,DHAKA
33189,"IMPERIAL INSTT OF ENGG. TECHNOLOGY (IIT), JESSORE","Sector # 7, A-4, N S Town, Jessore Sadar, Jessore",1712099096,,suzan@htnbd.org,KHULNA
42044,"Infra Polytechnic Institute, Barisal","Kashipur, Barisal",,,info@infra.edu.bd,BARISAL
16057,"Institute of Engineering and Technology (IET), Rangpur","Hargacha Road, Rangpur",,,iet16057@yahoo.com,RANGPUR
50625,"Institute of Hotel Management and Hospitality, Dhanmondi, Dhaka","Hossain Plaza, House # 01, Road # 15,",,,rubinahfarouq@gmail.com,DHAKA
36108,"Institute of Marine Technology, Bagerhat","Chaitali, Baitpur, Bagerhat",1752740820,,imt.bagerhat@gmail.com,KHULNA
49031,"Institute of Marine Technology, Munshiganj","Borolia, Tongibari, Munshiganj",1816342594,,imt.munshigonj@gmail.com,DHAKA
25176,"Institute of Marine Technology, Sirajgonj","Mulibari, Soydabad, Sirajgonj",1721351731,,principalimts@gmail.com,RAJSHAHI
50901,"Institute of Mobile Phone Artisan, Hatirpool, Dhaka","7/22. Eastern Plaza Commercial Complex (6th Floor),70 Bir Uttam CR Dotto Road, Hatirpool, Dhaka",,,bodruddozajhontu@gmail.com,DHAKA
50051,Institute of Science Trade & Technology (ISTT),"CRP Bavan, Ploat-A, Mirpur-14, Dhaka-1216",,,dirictor.istt@gmail.com,DHAKA
50829,"International Culinary Institute, Dhanmondi, Dhaka","House#27/1, Road@13A, Behind Abahani Field, Dhanmondi, Dhaka-1209",,,zahangir@ici.eud.bd,DHAKA
50800,"International Training Institute of Culinary Arts (ITICA), Dhaka","House # 27/01,Road # 13 A(new), Dhanmondi R/A, Dhaka-1209",,,nazcooking@gmail.com,DHAKA
55034,Jamalpur Technical School and College,"Bozrapur, Jamalpur",1712541634,,jamalpurtsc@gmail.com,DHAKA
55072,Jamalpur Technical Training Centre (TTC),"Sadar, Jamalpur",,,,DHAKA
33113,Jessore Technical Training Center,"Nazir Sankarpur, Jessore",1923070115,,jessorettc@gmail.com,KHULNA
41017,Jhalakhati Technical School and College,"Sadar, Jhalokati",,,tecjhalokathi@gmail.com,BARISAL
41063,Jhalokhati Technical Training Centre,Jhalokhati Sadar,1517848876,,tcjhalokathi@gmail.com,BARISAL
30043,"Jhenaidaha Techical Training Center (TTC), Jhenaidaha","Kustia Road, Arappur, Jhenaidaha",1716599162,,jhenaidahattc@gmail.com,KHULNA
30043,Jhenaidha Technical Training Centre,,,,,KHULNA
19098,"Joypurhat Technical Training Center , Joypurhat",Haniail Joypurhat.,1716373394,,joypurhatttc@gmail.com,RAJSHAHI
71008,"Khagrachari Technical Training Centre (TTC), Khagrachari","Gulabari, Khagrachari",1550002687,,khgttc@gmail.com,CHITTAGONG
35109,"Khulna Mohila Technical Training Centre (KMTTC), Khulna","KUET Road, Khulna",,,kmttc2010@yahoo.com,KHULNA
35048,Khulna Polytechnic Institute,Khulna-9000,,,marfatnew@gmail.com,KHULNA
35132,Khulna Shipyard Technical Training Centre,"Khulna shipyard Ltd. Rupsa, Khulna",,,marfatnew@gmail.com,KHULNA
35021,"Khulna Technical Training Center, Khulna","Teligati, KUET,Khulna",,,ttckhu@gmail.com,KHULNA
16219,"KiK UCEP Rangpur City Corporation School, Rangpur","New Jummapara, Rangpurr Sadar Rangpur",1716947322,,zinnatul.alam@ucepbd.org,RANGPUR
16199,"KiK UCEP- Robertsongonj School, Rangpur, Rangpur","Kutiapara, Alamnagor, Rangpur",1729153736,,mohammad.hossain4@ucepbd.org,RANGPUR
51076,"KNIT Concern Group, Narayanganj","62/2, Water Workers Road, Gudnail. Narayanganj-1400",,,nasim@knitconcern.com,DHAKA
54325,"Kumudini Trade Training Institute (KTTI), Mirzapur, Tangail","Mirzapur, Tangail",1713197510,,kumudiniho@kumudini.org.bd,DHAKA
17150,"Kurigram Technical Training Center (TTC), Kurigram","Krishanpur, Kurigram",1723893327,,kurigramttc@gmail.com,RANGPUR
27023,Kustia Technical Training Center,"Chourhash, Kustia",1712585355,,kushtiattc@gmail.com,KHULNA
67018,LaxmipurTechnical Training Centre,"Masimnagar, Khailbaicha,Laxmipur",1711979417,,ttc.laxmipur@gmail.com,CHITTAGONG
63075,"Life Technical Training Institute, Habiganj","Eastern side of LGED Road, Vodoi, Habigganj Sadar",1712114158,,ngolife96@gamail.com,SYLHET
59158,"LIFE Technical Training Institute, Kishoreganj","1124/4, Janata School RoadGaital,Kishoreganj",1712114158,,ngolife96@gmail.com,DHAKA
26111,"M. Ali Technical Institute, Barisal","Bawalia, Banaripara, Barisal",,,m.ali_technicalinstitute@yahoo.com,BARISAL
42130,"M. Ali Technical Institute, Barisal","Bawalia, Banaripara, Barisal",1552492474,,m.ali_technicalinstitute@yahoo.com,BARISAL
44055,"Madaripur Technical Training Centre (TTC), Madaripur","Kumartek, Charmuguria, Madaripur",1712088229,,madaripurttc@gmail.com,DHAKA
31081,"Magura Technical Training Center(TTC), Magura","Etakhulabazar, Pachapara-7600, Magura Sadar",1712775388,,ttcmagura@gmail.com,KHULNA
35066,"Mangrove Institute of Science and Technology, Khulna","Sundarban,Khulna",1733372003,,momen.mist@yahoo.com,KHULNA
48039,Manikganj Technical School and College,Manikganj,,,tscmanikganj@gmail.com,DHAKA
48094,Manikganj Technical Training Center,"55, East Bandutia, Beautha, Manikganj",1726020454,,ttcmanikgonj2016@gmail.com,DHAKA
50527,"Master Chef Institute Bangladesh , Malibag Rail Gate, Ramna, Dhaka","507 D.I.T Road (2nd Floor) Malibag Rail Gate, Ramna, Dhaka",1913566547,,masterchefins@gmail.com,DHAKA
28044,Meherpur Technical Training Center,"Kustia Road, Meherpur",1913918537,,meherpurttc@gmail.com,KHULNA
12074,"Minal Computer Training Acadamy (MCTA), Thakurgaon.","Sarkarpara, Thakurgaon Sadar, Thakurgaon",1712388208,,stepminal12@gmail.com,RANGPUR
50541,Mirpur Agriculture Workshop & Training School(MAWTS),"Pallabi, Mirpur Dhaka",,,mawts@carlt asmc.org,DHAKA
50091,Mirpur Institute of Science & Technology (MIST),"34-Jamal Mansion, 2nd, 3rd, 4th floor, Mirpur-10, Dhaka-1216",,,mist_mirpur@yahoo.com,DHAKA
42009,"Mishuk Training Academy (MTA), Barishal","Barishal, Ekanto Apon, Plot# 430, 2nd Floor, Woard No# 04, Kaunia, Barishal,",1715116573,,"mishukacademy21@gmail.com,",BARISAL
59999,Mohammadi Group Niche Stich Ltd,"Plot:3929, Dogri, Bhawal Mirjapur",,,rouf@mohammadigroup.com,DHAKA
53149,"Mohammadi Group Niche Stitch Limited, Bhawal, Mirzapur,Gazipur","Dogri, Bhawal Mirzapur, Gazipur",1755639074,,rouf@mohammadiagroup.com,DHAKA
35064,"Mohila Polytechnic Institute, Khulna","Khalispur , Khulna",1716368649,,kmpi.edu@gmail.com,KHULNA
14142,"Mollah Technical Training Centre, Nilphamary","Chaitali, Baitpur, Bagerhat",1752740820,,imt.bagerhat@gmail.com,KHULNA
53087,Montage Training and Certification,"Bsic Industrial Area, Tongi, Gazipur",1914861046,,montagebd@yahoo.com,DHAKA
55235,"Montage Training and Certification, Jamalpur","Chamber Commerce Bhaban (1st Floor), Near BSCIC, Sadar, Jamalpur",1914861046,,montagebd@yahoo.com,DHAKA
62007,Moulavibazar Technical School and College,Moulavibazar,,,marfatnew@gmail.com,SYLHET
62080,"Moulvibazar Technical Training Center, Moulvibazar","Shamshernagar Road, Matarkapon, Moulvibazar Sadar",1930842074,,ttcmoulavibazar@gmail.com,SYLHET
49012,Munshiganj Technical School and College,"Sadar, Munshiganj",,,tscmunshiganj@gmail.com,DHAKA
33106,"Muslim Aid Institute of Technology (MAIT), Jessore","Magura Road, Bahadurpur, Jessore",1841246396,,jessore@muslimaid.org.bd,KHULNA
70298,"Muslim Aid Institute of Technology, Chattagram","Ali Noor Mansion (5th Floor), Oxyzen Moor, Chittagong",,,marfatnew@gmail.com,CHITTAGONG
50202,"Muslim Aid Institute of Technology, Mirpur, Dhaka","House # 87, Avenue #1, Block-B, Kalsi Road, Pallabi, Mirpur-12, Dhaka-1216",,,mait.dhaka@muslimaid.org.bd,DHAKA
50963,"Muslim Aid TVET Centre (MATC), Mohammadpur","Muslim Aid-UK, Bangladesh Field Office, House # 16, Road # 10, Shekhertek, Mohammadpur, Dhaka-1207",1680664500,,mait.dhaka@muslimaid.org.bd,DHAKA
57001,Mymensingh Poly,"Ashulia, Savar, Dhaka",,,marfatnew@gmail.com,DHAKA
57067,Mymensingh Polytechnic Institute,,,,,DHAKA
57037,Mymensingh Technical Training Center,"164, Maskanda, Mymensingh",1711979417,,ttcmym@gmail.com,DHAKA
47777,Naogaon Technical Training Center,"Bangabaria, Naogaon",,,,RAJSHAHI
32043,"Narail Technical Training Center (TTC), Narail",Narail Sadar,1818426124,,nttc.14@gmail.com,KHULNA
51012,Narayanganj Technical School and College,Narayanganj,,,,DHAKA
52047,Narshingdi Technical Training Center,"Saspur, Shibpur, Narshingd",1710834885,,narsingdittc@gmail.com,DHAKA
52041,NARSINGDI POLYTECHNIC INSTITUTE,"Sadar, Nasingdi",,,nrspoly@gmail.com,DHAKA
52014,Narsingdi Technical School and College,"Raipura, Narsingdi",,,,DHAKA
20293,"National Academy Computer Training & Research, Bogura","Fultala Road, Bogura",1711260450,,director@nactar.gov.bd,RAJSHAHI
50545,"National Hotel & Tourism Training Institute, Dhaka",Mohakhali,,,marfatnew@gmail.com,DHAKA
50402,"National Institute of Engineering and Technology (NIET), Dhaka","147/1, Green Road, Tejgaon, Dhaka-1215",,,marfatnew@gmail.com,DHAKA
51046,"National Institute of Engineering and Technology (NIET), Narayangonj","Rupshi, Rupganj, Narayanganj",,,marfatnew@gmail.com,DHAKA
53131,"National Institute of Fashion Technology (NIFT), Gazipur","Chandana, Gazipur Sadar, Gazipur",,,aziz.group.bd@gmail.com,DHAKA
50332,"National Institute of Fashion Technology (NIFT), Mohakhali","J-146, Wireless Gate, Mohakhali, Dhaka-1212",,,marfatnew@gmail.com,DHAKA
70177,"National Institute of Technology, Chittagong","224/329, Muradpur, Chittagong",,,marfatnew@gmail.com,CHITTAGONG
50514,"National Polytechnic Institute, Farmgate, Dhaka","Firmgate, Dhaka",,,,DHAKA
58149,"Netrokona Technical Training Center(TTC), Netrokona","Rajur Bazar, Netrokuna Sadar, Netrokuna",1712488039,,"netrakonattc@gmail.com,",DHAKA
77777,New Entry Hobe,"164, Maskanda, Mymensingh",1711979417,,ttcmym@gmail.com,DHAKA
63076,"New St. Mary’s Training Institute, Hobionj","Gobindopur, Hobigonj",1712016065,,rahulrjph@yahoo.com,SYLHET
14127,"Nilphamari Technical Training Center(TTC), Nilphamari","Chetashar Ghunti, Nilphamari Sadar, Nilphamari,",1716966627,,ttcnilphamari16@gmail.com,RANGPUR
68031,"Noakhali Technical Training Center(TTC), Noakhali","Gabua, Mijdee Bazar, Begumgonj, Noakhali",1718927825,,sohelrana198285@gmail.com,CHITTAGONG
34097,"Nobojibon Polytechnic Institute, Satkhira","Palaspole, Satkhira-9400",,,njpolitechnic02@gmail.com,KHULNA
53192,"Octal Technical Training Institute, Gazipur","Akota Shopping Complex (3rd Floor), Kaliakoir Bazar Road, Gazipur",1716258165,,octal53070@gmail.com,DHAKA
50705,Odhora Skill Development Training Institute,"Mohammadpur, Dhaka",,,khaniabobi87@gmail.com,DHAKA
50907,"Online Computer Training Institute, Savar, Dhaka.","Savar, Dhaka",1922615246,,e-mail: octcit@gmail.com,DHAKA
50708,P F D A Vocational Training Centre,"House # Road # 19/B, Mohakhali, DOHS, Dhaka-1212",,,autismbangladesh@gmail.com,DHAKA
26114,"Pabna Technical Training Centre, Pabna",Pabna,1716205372,,12ttcpabna@gmail.com,RAJSHAHI
11010,Panchagarh Technical School and College,Panchagarh Sadar,,,panchgarhtsc@gmail.com,RANGPUR
11071,"Panchagarh Technical Training Center (TTC), Panchagarh","Baganbari, Mirgarh Road, Panchagarh Sadar, Panchagarh-5000",1722960877,,principalpanchagarhttc@gmail.com,RANGPUR
39081,"Patuakhali Technical Training Centre (TTC), Patuakhali","Patuakhali Sadar, Patuakhali,",1712754483,,ttcpatuakhali@gmail.com,BARISAL
50961,"PCA- Professional Cooking Academy (PCA), Dhaka","Ground Floor(South Side), House#21/3, Road#27 (old), 16 (new), Dhanmondi, Dhaka-1209",1974499946,,,DHAKA
63060,"PDO Technical Training Institute (PDO-TT), Habigonj","Abdullah Complex, Paik Para Tamunia, Habiganj",1711266578,,pdobd@yahoo.com,SYLHET
60028,"PDO Technical Training Institute (PDO-TT), Sunamgonj","33, Aajobithi Road, Jamtola, Sunamgonj",1711266578,,pdobd@yahoo.com,SYLHET
59132,"PDO Technical Training Institute (PDO-TTI), Kishorgonj","313, Monipurghat, Kishorgonj",1711266578,,pdobd@yahoo.com,DHAKA
50908,"PencilBox Training Institute, Dhaka","EDB Trade Center, (5th Floor –East), 93 Kazi Nazrul Islam Avenue, Dhaka-1215.",1711873008,,pencilboxtraining@gmail.com,DHAKA
50909,"Persona Hair and Beauty Ltd, Mirpur, Dhaka","Plot # 1, Block # C, Avenue # 4, Section # 6, Pallabi, Mirpur, Dhaka-1216.",,,persona@gmail.com,DHAKA
37106,Pirojpur Technical Training Center,"Bypas Mor, Muktarkhati, Pirojpur",1713137979,,pirojpur.ttc@gmail.com,BARISAL
59159,"Pouro Digital Center(PDC), Katiyadi, Kishoregonj","Katiyadi, Kishoregonj",1711448079,,digitalktd@gmail.com,DHAKA
50840,"Prity Beauty parlour and Training Institute, Dhaka","76/1, Sky View K Box Tower(Ground Floor), Manik Nagar, Mugda, Dhaka-1203,",1756076077,,pritybeautyparlour1981@gmail.com,DHAKA
74087,"Rajapalong Uttaran Karigori Prosikkhan Kendra,Cox's Bazar","Uttaran office, Malvitapara, Ukhiya, Cox’s Bazar.",1717145044,,uttaran.coxtechnical@gmail.com,CHITTAGONG
47056,Rajbari Technical Training Center,"Aladipur, Homdompur, Rajbari",1721721389,,rajbarittc@gmail.com,DHAKA
23167,"Rajshahi MohilaTechnical Training Centre (TTC), Rajshahi","Sopura, Rajshahi",1712110274,,mttc.raj@gmail.com,RAJSHAHI
23105,"Rajshahi Politechnic Institute, Rajshahi",KURIGRAM,,,rajpolytech@gmail.com,RAJSHAHI
23064,"Rajshahi Technical Training Center, Rajshahi","Sopura, Rajshahi",,,ttcraj@gmail.com,RAJSHAHI
72003,Rangamati Technical Training Centre,"Sadar, Rangamati",,,ttcranga@yahoo.com,CHITTAGONG
72003,"Rangamati Technical Training Centre, Confuse",kurigram,,,kurigram@gmail.com,CHITTAGONG
50910,"Rangdhanu Academy, Mirpur, Dhaka","House-9, Lane-18, Block-b, Mirpur-10, 1216, Dhaka",1675702530,,,DHAKA
16031,Rangpur Technical School and College,Rangpur Sadar,,,anwar_rtsc@yahoo.com,RANGPUR
16092,"Rangpur Technical Training Centre (TTC), Rangpur","Dharmadash, Tamapat, Post Mirganj-5403, Rangpur",,,16092.ran.ttc@gmail.com,RANGPUR
50804,"Regency Hospitality Training Institute, Dhaka","HOUSE #15, Road # 03, Nikunj-2, Khilkhet, Dhaka-1229",1713332586,,info@rhtibd.com,DHAKA
20192,"Reliable Polytechnic Institute, Bogra","Kanzuri, Sherpur Road, Bogra",,,"simt, dhaka@gmail.com",RAJSHAHI
51088,"Remi Holdings Ltd, Narayanganj","Plot No 244, 245, 250",,,kayes@bitopibd.com,DHAKA
51999,"Residential & Vocational Women’s Training Center (RVWTC), Narayanganj","Arihazar, Narayanganj",1782818131,,abdulmannancse29@gmail.com,DHAKA
68099,"Residential & Vocational Women’s Training Center (RVWTC), Noakhali","Upazila Porishod, Sonaimuri, Noakhali",1782818131,,abdulmannancse29@gmail.com,CHITTAGONG
37109,"Residential & Vocational Women’s Training Center (RVWTC), Pirojpur","Halta Guliskhali, Mathbaria, Pirojpur",1782818131,,,BARISAL
50561,"Risda Institute of Technology, Birulia,Savar","Vill: Kaliyakoir, Po: Birulia,Thana: Savar, Dhaka.",1552350687,,risda.institute@gmail.com,DHAKA
46123,"RISDA Institute of Technology, Faridpur","Saltha Bazar, Shalta,, Faridpur",1777765400,,,DHAKA
50831,"Rose Dresses Skill Development Center, Aushulia, Dhaka","Jamgora, Diakhali, Asulia, Savar, Dhaka",1713331120,,akmzahid@islam-garments.com,DHAKA
57091,Rumdo Institute of Modern Technology,"Boundary Road, Mymensingh",,,simt.dhaka@gmail.com,DHAKA
33265,"Rural Re-Construction Foundation, RRF","Vila- C&B Road, Karbala, Jessore-7400",,,rrftarc@gmail.com,KHULNA
51066,"Russel Garments, Narayanganj","Osman Tower, 56/1, Maleh Road, Narayanganj",,,Rassel Garments@gmail.com,DHAKA
50116,SAIC Institute of Management & Technology(SIMT),"965 East Shewrapara, Mirpur",,,cmesbd@yahoo.com,DHAKA
20329,"Saic Professional Training Center, Bogra","Matidali Biman Mor, Bypsh 2, Bogra",1715067370,,simt.dhaka@gmail.com,RAJSHAHI
50655,"SAIC Professional Training Centre, Dhaka","House # 10, Road # 02, Block #B, Section # 06, Mirpur, Dhaka",,,simt.dhaka@gmail.com,DHAKA
55182,"SAIC Professional Training Centre, Jamalpur","PTI More, Fulbaria, Jamalpur",1715067370,,Jimtjamalpur@gmail.com,DHAKA
57247,"SAIC Professional Training Centre, Mymensingh","Barera Bypass, Mymensingh",,,rumdo.mym@gmail.com,DHAKA
20999,Saidpur Muslim Aid TVET Center (MATC),"Muslim Aid-UK, Bangladesh Field Office, Laxmanpur (Chorokpara), Saidpur",1735718798,,,RANGPUR
34048,Sathkhira Polytechnic Institute,"Sadar, Sathkhira",,,sathkhirapoly@gmail.com,KHULNA
34024,Satkhira Technical School and College,Sathkhira,,,,KHULNA
34169,"Satkhira Technical Training Center(TTC), Satkhira","Binerpata, Satkhira",1710701142,,satkhirattc@gmail.com,KHULNA
60039,"SBSS Technical Training Institute, Sunamganj","Mohammadpur, Sunamganj",1783599520,,brightsocial@yahoo.com,SYLHET
52090,"Schollers Polytechnic Institute, Narshigd","College Road, Brammondi, Narshigd",1712918611,,spi.engineering2013@gmail.com,DHAKA
43030,"SDS Technical Training Institute (STTI), Sariatpur, Sadar Road, Shariatpur, Shariatpur","Sadar Road, Shariatpur, Shariatpur",1718683220,,sds.shariatpur@gmail.com,DHAKA
53203,"Shahid Moyejuddin Residential & Vocational Women’s Training Center (SMRVWTC),Gazipur","Noapara, Moktarpur, Kaliganj, Gazipur",1782818131,,"Noapara, Moktarpur, Kaliganj, Gazipur",DHAKA
43044,Shariatpur Technical Training Center,"Maksahar, Rudrokor, Shariatpur",1720609580,,shariatpurttc@gmail.com,DHAKA
34010,Shathkhira Govt.Technical School & College,Sathkhira,,,STSC76@yahoo.com,KHULNA
58,Sherpur Poly,Sherpur,,,marfatnew@gmail.com,DHAKA
56011,Sherpur Technical School and College,"Sadar, Sherpur",,,ietpolytechnic16057@gmail.com,DHAKA
56003,"Sherpur Technical Training Center (TTC), Sherpur,","Gonapoddy, Nakla, Sherpur",1712806707,,ttcsherpurnokla@gmail.com,DHAKA
50099,"Shyamoli Ideal Polytechnic Institute, Dhaka","16/c-d, Nurjahan Road, Mohammadpur, Dhaka",,,sitc_d@yahoo.com,DHAKA
70175,"Shyamoli Ideal Technical College, Chittagong","350/A, CDA Avenure, Muradpur",,,ctg_sipi@yahoo.com,CHITTAGONG
50010,"Shyamoli Ideal Technical COLLEGE, Dhaka","16/C, Nurjahan Road, Mohammadpur, Dhaka",1754978173,,ctg_sipi@yahoo.com,DHAKA
50337,"Skill Development Training Institute, Dhaka","4679, Chanpara, Uzampur, Uttarkhan, Dhaka-1230",,,skilldti@gmail.com,DHAKA
74084,"Skus Technical Training Center, Cox’s Bazar","Kolatoli Bypass Road, Dolphin More, Cox’s Bazar",1711307601,,skus.ctg@gmail.com,CHITTAGONG
70163,"Skus Technical Training Center. (STTC), Chattogram","House No -06, Road No -01, Katalgonj R/A, Chattogram",,,skus.ctg@gmail.com,CHITTAGONG
50815,"Sobnom Rajib Institute of Design , Dhanmondi, Dhaka","Mohammodi Super Market (2nd Floor), Opposite side of A.R Plaza, Dhanmondi, Dhaka",1788505109,,skhossainrazib@gmail.com,DHAKA
53103,Star Bangla Technical Training Centre,"Mawna, Sreepur, Gazipur",,,marfatnew@gmail.com,DHAKA
20330,"Sukanna Skill Development Training Center, Bogura","Shahid Abdul Jabbar Sharak, Jaleswaritola, Bogura.",1718658033,,sukannafashionbd@yahoo.com,RAJSHAHI
61444,"Sunamganj Technical Training Center (TTC), Sunamganj","Haluargaon, sunamganj Sadar, Sunamganj",1772003545,,sunamgonjttc@gmail.com,SYLHET
35130,Sundarban Institute of Technology,"161, Jalil Sarani, Boyra Khulna",,,marfatnew@gmail.com,KHULNA
50992,"Sunshine Learning and Caring Center (SLCC), Dhaka","Flat # 1B, House # 34/1, Road # 11, Dhanmoni R/A, Dhaka- 1209",1751689109,,sunshine2016childcare@gmail.com,DHAKA
61041,"Sylhet Mohila Technical Training Centre (SMTTC), Sylhet","Alompur, Sylhet",1739533897,,smttc61041@gmail.com,SYLHET
61008,Sylhet Technical School and College,Sylhet Sadar,,,marfatnew@gmail.com,SYLHET
21066,"T M S S Polytechnic Institute, Natore",,,,,RAJSHAHI
20097,"T M S S Technical Institute, Bogra","Chandpur,Noongula, Bogra",,,tti.tmss@yahoo.com,RAJSHAHI
61137,"Tajpur Union Digital Center (UDC), Sylhet","Tajpur Union Parishad, Osmaninagar, Sylhet",1737383619,,azadak911@gmail.com,SYLHET
54096,Tangail Technical Training Centre,"Sadar, Tangail",,,tangailttc@gmail.com,DHAKA
48073,Tarasima Apparales Ltd. Manikganj,"Golora, Kaitra, Saturaia, Manikganj",,,,DHAKA
50148,"Technical Teachers Training College (TTTC), Dhaka","Tejgaon, Dhaka",,,marfatnew@gmail.com,DHAKA
14777,"Technical Training Center (TTC), Lalmonirhat","Harivanga, Lalmonirhat",1724909024,,ttclal_45@yahoo.com,RANGPUR
61026,"Technical Training Center, Sylhet","Alompur, Sylhet",,,bo azad@YAHOO.COM,SYLHET
12072,"Technical Training Center, Thakurgaon","Goalpara, Thakurgaon",1920660576,,ttcthakurgaon@gmail.com,RANGPUR
15117,"Teesta Technical Center for HD , Lalmonirhat","Taluk Khutamara (Banvasha), Lalmonirhat Sadar, Lalmonirhat",1912307022,,ttchd.lalmonirhat@gmail.com,RANGPUR
50026,Test Polytechnic Institute,"Mirpur, Dhaka",,,,DHAKA
17196,Thai Bekary & Training Institute. Kurigram,"Bisshershor, Khalilganj, Kurigram",1737531027,,thaibekary.confectionary@gmail.com,RANGPUR
12053,THAKURGAON POLYTECHNIC INSTITUTE,Thakurgaon Sadar,,,principal @ tpi.edu.bd,RANGPUR
12045,Thakurgaon Technical and Business Management College,"Santinagar, Thakurgaon",,132817,sadeqilislamtusar@gmail.com,RANGPUR
12024,Thakurgaon Technical School and College,Thakurgaon Sadar,,,,RANGPUR
64091,"The New St. Mary’s Training Institute, Brahmanbaria.","Vadhughar (Fatapukur), Brahmanbaria",1712016065,,rahulrjph@yahoo.com,CHITTAGONG
53154,"TMSS Vocational Training Center, Dorapar, Balurmath, Gazipur","Sadar, Gazipur",1713377090,,tdtmss@gmail.com,DHAKA
203311,"TMSS Vocational Training Center (TVTC), Jashore","Ball Point Field, Benapole, Sharsha, Jashore",1713377091,,tdtmss@gmail.com,KHULNA
64090,"TMSS Vocational Training Center , B-Baria","Sorari Bazzar, Bissoroad, B-Baria",1736625192,,tdtmss@gmail.com,CHITTAGONG
63077,"TMSS Vocational Training Center, Hobigonj","Zero Point, Bhander Bazar,Inatgonj,Nabigonj,Hobigonj",1760005406,,tdtmss@gmail.com,SYLHET
59160,"TMSS Vocational Training Center, Kishoregonj","Harua, Kishoregonj",1723333635,,tdtmss@gmail.com,DHAKA
60040,"TMSS Vocational Training Center, Sunamgonj",,1748937523,,,SYLHET
50707,Tommy Miah's Hospitality Management Institute,"Kabir Kunj, House # 14, Flat B2, Road # 13/C, Block # E, Banani, Dhaka",,,ceo.tmhmibd@gmail.com,DHAKA
61132,"Tommy Miah’s Hospitality Management Institute, Sylhet,","Hannan Manson(2nd&3rd floor)Rikabibazar, Sylhet",1712812985,,tazul.tommymiah@gmail.com,SYLHET
Jashore,Tony Khan Hotel Management & Skill Development Institute (TKHMSDI) Jashore,"DC Banglo Road, Karbala, Jashore",1712336261,,tkhmi.jashore@gmail.com,KHULNA
35268,"Tony Khan Hotel Management Institute & Skill Development, Khulna","Rupsha Plaza (4th Floor), 73/3 KDA Avenue, Khulna-9100,",1727391181,,azammalik003@gmail.com,KHULNA
61092,"Tony Khan Hotel Management Institute, Sylhet","9/A, Ananda Tower, Jail Road, Shlhet",,,info@tkhmi.com,SYLHET
50989,"Tony Khan Ins. of Skills Dev. for Culinary & Hospitality Mgm (TKISD) , Dhaka,","19B/2- C&2- D, Block-F, Ring Road, Mohammadpur, Dhaka-1207",1712512661,,tkisddhaka@gmail.com,DHAKA
50598,"Tony Khan Kulinari Institute and Hotel Management, Dhanmondi, Dhaka","Jebun Akrid, House # 4, Dhanmondi, Dhaka-1209",,,info@tonykhan-institute.com,DHAKA
53065,"Trust Technical Training Institute (TTTI), Gazipur","BMTF Gazipur Cant, Gazipur-1703",,,principle@ttti.ac.bd,DHAKA
23186,UCEP Rajshahi Technical School,"Pava, Rajshahi",,11111,gopal.mazumder@ucepbd.org,RAJSHAHI
70198,UCEP AMBAGAN TECHNICAL SCHOOL,"Flora Pass Road, Ambagan, Chittagong",,,marfatnew@gmail.com,CHITTAGONG
42112,UCEP Barisal Technical School,Kashipur,,,,BARISAL
50136,"UCEP Dhaka Technical School, Mirpur, Dhaka","Mirpur, Dhaka",,,,DHAKA
53099,UCEP Gazipur Technical School,Gazipur-1706,,,aminul.islam@ucepbd.org,DHAKA
61133,"UCEP Ghashitola School, Sylhet","Beterbazar, Sylhet,",,,sukumar.saha@ucepbd.org,SYLHET
61067,UCEP Hafiz Mazumder Sylhet Technical School,Sylhet,,,marfatnew@gmail.com,SYLHET
50544,"UCEP Jatrabari Technical School, Matuail, Dhaka",JATRABARI,,,UCEP Jatrabari@gmail.com,DHAKA
70300,"UCEP Mabia Rashidia School, Khalurghat, Chattogram","Charrangmatia, Mohara, Khalurghat, Chattogram",1770005711,,sukumar.saha@ucepbd.org,CHITTAGONG
35083,"UCEP Mohsin Technical School, Khulna","7, Junction Road, Baikali, Khulna",,,,KHULNA
16217,UCEP Rangpur Technical School,"Talukdarmadas, Ragpur",,11111,shameem.ahsan@ucepbd.org,RANGPUR
42180,"Unicare Health and Technical Training Institute (UHTTI), Barishal,","House-1136, Sharif Mansion (3rd Floor)",1769766666,,uhtti.barishal@gmail.com,BARISAL
50626,"Update Hotel Management Institute, Dhaka","Unique Trade Center (Ground Floor), 8 Pantha Path, Dhaka",,,kanize uniquegroupbd.com,DHAKA
50725,"UYS Training Institute, Dhaka","5th floor, Wireless Gate Mohakhali, Dhaka-1213",,,ceo@uysys.com farhana@uysys.com,DHAKA
50835,"UY_Tech Institute, Mirpur, Dhaka","Md. Montasir Al Mamun, BPMI Bhaban, Plot-213-214, 1st Floor, Road -3, Janata Housing, Shah Ali bag, Mirpur-2, Dhaka-1216",1712731455,,mmamun301@gmail.com,DHAKA
20102,"Vocational TeachersTraining Institute (VTTI),Bogura","Sherpur, Road, Bogra",,20102,vtti_bogra@yahoo.com,RAJSHAHI
70118,"Western Maritime Institute, Chattagram","Block-28/A, Sagaricka Road, CHITTAGONG",1711750619,,monzu@wms.com.bd,CHITTAGONG
50914,"Woodtech Technical Training Center, Azompur, Uttara, Dhaka","Woodtech furniture, 382 Dewan Bari, Azompur, Uttara, Dhaka.",1611106060,,nazrulslm209@gmail.com,DHAKA
50598,"YES Tourism & Hotel Management Institute(YTHMI), Dhaka,","Dhaka, House#4 (5th Floor), Road #16 (Old-27), Dhanmondi, Dhaka-1209",1730494144,,info@yesinstitutebd.com,DHAKA
58150,"ZHUMKA TRAINING INSTITUTE, NETRAKONA","Gandapur, Sakua Bazar, Challisha, Netrokona",1619923941,,zhumkadinaed@gmail.com,DHAKA
60041,"Zhumka Training Institute, Sunamgonj","Mohammadpur, Sunamgonj Sadar",1711133673,,,SYLHET
